0.0 attach this ROUTER, to entity, Res_0, with packet scheduler, GridResSched_0
0.0 attach this ROUTER, to entity, Res_1, with packet scheduler, GridResSched_1
0.0 attach this ROUTER, to entity, Res_2, with packet scheduler, GridResSched_2
0.0 attach this ROUTER, to entity, Res_3, with packet scheduler, GridResSched_3
0.0 attach this ROUTER, to entity, Res_4, with packet scheduler, GridResSched_4
0.0 attach this ROUTER, to entity, Res_5, with packet scheduler, GridResSched_5
0.0 attach this ROUTER, to entity, Res_6, with packet scheduler, GridResSched_6
0.0 attach this ROUTER, to entity, Res_7, with packet scheduler, GridResSched_7
0.0 attach this ROUTER, to entity, Res_8, with packet scheduler, GridResSched_8
0.0 attach this ROUTER, to entity, Res_9, with packet scheduler, GridResSched_9
0.0 attach this ROUTER, with router, router1, with link, r1_r2_link, with packet scheduler, r2_Sched
0.0 register this entity to GridInformationService entity.
0.0 advertise to router, router1
2.0 receive router ad from, router1
3.0199999999999996 
3.0199999999999996 receive incoming, Packet #1, out of, 1, with id, 1571597947, from, Output_User_0, to, Res_5, tag, 21, delay, 0.0
3.0199999999999996 enqueing, Packet #1, out of, 1, with id, 1571597947, from, Output_User_0, to, Res_5, tag, 21
3.0199999999999996 dequeuing, Packet #1, out of, 1, with id, 1571597947, from, Output_User_0, to, Res_5, tag, 21
7.02 
7.02 receive incoming, Packet #1, out of, 1, with id, 2082489657, from, Output_User_1, to, Res_1, tag, 21, delay, 0.0
7.02 enqueing, Packet #1, out of, 1, with id, 2082489657, from, Output_User_1, to, Res_1, tag, 21
7.02 dequeuing, Packet #1, out of, 1, with id, 2082489657, from, Output_User_1, to, Res_1, tag, 21
11.02 
11.02 receive incoming, Packet #1, out of, 1, with id, 28664600, from, Output_User_1, to, Res_1, tag, 22, delay, 0.0
11.02 enqueing, Packet #1, out of, 1, with id, 28664600, from, Output_User_1, to, Res_1, tag, 22
11.02 dequeuing, Packet #1, out of, 1, with id, 28664600, from, Output_User_1, to, Res_1, tag, 22
15.02 
15.02 receive incoming, Packet #1, out of, 1, with id, 612455010, from, Output_User_0, to, Res_5, tag, 22, delay, 0.0
15.02 enqueing, Packet #1, out of, 1, with id, 612455010, from, Output_User_0, to, Res_5, tag, 22
15.02 dequeuing, Packet #1, out of, 1, with id, 612455010, from, Output_User_0, to, Res_5, tag, 22
83.03800000000001 
83.03800000000001 receive incoming, Packet #1, out of, 1, with id, 2090259497, from, Output_Res_5, to, User_0, tag, 22, delay, 0.0
83.03800000000001 enqueing, Packet #1, out of, 1, with id, 2090259497, from, Output_Res_5, to, User_0, tag, 22
83.03800000000001 dequeuing, Packet #1, out of, 1, with id, 2090259497, from, Output_Res_5, to, User_0, tag, 22
83.14200000000002 
83.14200000000002 receive incoming, Packet #1, out of, 1, with id, 817086655, from, Output_User_0, to, Res_5, tag, 21, delay, 0.0
83.14200000000002 enqueing, Packet #1, out of, 1, with id, 817086655, from, Output_User_0, to, Res_5, tag, 21
83.14200000000002 dequeuing, Packet #1, out of, 1, with id, 817086655, from, Output_User_0, to, Res_5, tag, 21
83.15200000000003 
83.15200000000003 receive incoming, Packet #1, out of, 1, with id, 416850238, from, Output_User_0, to, Res_5, tag, 22, delay, 0.0
83.15200000000003 enqueing, Packet #1, out of, 1, with id, 416850238, from, Output_User_0, to, Res_5, tag, 22
83.15200000000003 dequeuing, Packet #1, out of, 1, with id, 416850238, from, Output_User_0, to, Res_5, tag, 22
84.30859946949603 
84.30859946949603 receive incoming, Packet #1, out of, 1, with id, 1824892760, from, Output_Res_5, to, User_0, tag, 20, delay, 0.0
84.30859946949603 enqueing, Packet #1, out of, 1, with id, 1824892760, from, Output_Res_5, to, User_0, tag, 20
84.30859946949603 dequeuing, Packet #1, out of, 1, with id, 1824892760, from, Output_Res_5, to, User_0, tag, 20
87.03800000000001 
87.03800000000001 receive incoming, Packet #1, out of, 1, with id, 568857957, from, Output_Res_1, to, User_1, tag, 22, delay, 0.0
87.03800000000001 enqueing, Packet #1, out of, 1, with id, 568857957, from, Output_Res_1, to, User_1, tag, 22
87.03800000000001 dequeuing, Packet #1, out of, 1, with id, 568857957, from, Output_Res_1, to, User_1, tag, 22
87.14200000000002 
87.14200000000002 receive incoming, Packet #1, out of, 1, with id, 776882739, from, Output_User_1, to, Res_1, tag, 21, delay, 0.0
87.14200000000002 enqueing, Packet #1, out of, 1, with id, 776882739, from, Output_User_1, to, Res_1, tag, 21
87.14200000000002 dequeuing, Packet #1, out of, 1, with id, 776882739, from, Output_User_1, to, Res_1, tag, 21
87.15200000000003 
87.15200000000003 receive incoming, Packet #1, out of, 1, with id, 1566838514, from, Output_User_1, to, Res_1, tag, 22, delay, 0.0
87.15200000000003 enqueing, Packet #1, out of, 1, with id, 1566838514, from, Output_User_1, to, Res_1, tag, 22
87.15200000000003 dequeuing, Packet #1, out of, 1, with id, 1566838514, from, Output_User_1, to, Res_1, tag, 22
96.30059946949603 
96.30059946949603 receive incoming, Packet #1, out of, 1, with id, 1819723190, from, Output_Res_5, to, User_0, tag, 20, delay, 0.0
96.30059946949603 enqueing, Packet #1, out of, 1, with id, 1819723190, from, Output_Res_5, to, User_0, tag, 20
96.30059946949603 dequeuing, Packet #1, out of, 1, with id, 1819723190, from, Output_Res_5, to, User_0, tag, 20
96.30859946949603 
96.30859946949603 receive incoming, Packet #1, out of, 1, with id, 1752461624, from, Output_Res_1, to, User_1, tag, 20, delay, 0.0
96.30859946949603 enqueing, Packet #1, out of, 1, with id, 1752461624, from, Output_Res_1, to, User_1, tag, 20
96.30859946949603 dequeuing, Packet #1, out of, 1, with id, 1752461624, from, Output_Res_1, to, User_1, tag, 20
100.30059946949603 
100.30059946949603 receive incoming, Packet #1, out of, 1, with id, 330261238, from, Output_Res_1, to, User_1, tag, 20, delay, 0.0
100.30059946949603 enqueing, Packet #1, out of, 1, with id, 330261238, from, Output_Res_1, to, User_1, tag, 20
100.30059946949603 dequeuing, Packet #1, out of, 1, with id, 330261238, from, Output_Res_1, to, User_1, tag, 20
236.652599469496 
236.652599469496 receive incoming, Packet #1, out of, 1, with id, 1291869371, from, Output_Res_1, to, User_1, tag, 22, delay, 0.0
236.652599469496 enqueing, Packet #1, out of, 1, with id, 1291869371, from, Output_Res_1, to, User_1, tag, 22
236.652599469496 dequeuing, Packet #1, out of, 1, with id, 1291869371, from, Output_Res_1, to, User_1, tag, 22
236.88459946949598 
236.88459946949598 receive incoming, Packet #1, out of, 1, with id, 806734670, from, Output_User_1, to, Res_1, tag, 21, delay, 0.0
236.88459946949598 enqueing, Packet #1, out of, 1, with id, 806734670, from, Output_User_1, to, Res_1, tag, 21
236.88459946949598 dequeuing, Packet #1, out of, 1, with id, 806734670, from, Output_User_1, to, Res_1, tag, 21
236.89459946949597 
236.89459946949597 receive incoming, Packet #1, out of, 1, with id, 171434574, from, Output_User_1, to, Res_1, tag, 22, delay, 0.0
236.89459946949597 enqueing, Packet #1, out of, 1, with id, 171434574, from, Output_User_1, to, Res_1, tag, 22
236.89459946949597 dequeuing, Packet #1, out of, 1, with id, 171434574, from, Output_User_1, to, Res_1, tag, 22
237.996599469496 
237.996599469496 receive incoming, Packet #1, out of, 1, with id, 1152578953, from, Output_Res_5, to, User_0, tag, 22, delay, 0.0
237.996599469496 enqueing, Packet #1, out of, 1, with id, 1152578953, from, Output_Res_5, to, User_0, tag, 22
237.996599469496 dequeuing, Packet #1, out of, 1, with id, 1152578953, from, Output_Res_5, to, User_0, tag, 22
238.22859946949598 
238.22859946949598 receive incoming, Packet #1, out of, 1, with id, 628215075, from, Output_User_0, to, Res_5, tag, 21, delay, 0.0
238.22859946949598 enqueing, Packet #1, out of, 1, with id, 628215075, from, Output_User_0, to, Res_5, tag, 21
238.22859946949598 dequeuing, Packet #1, out of, 1, with id, 628215075, from, Output_User_0, to, Res_5, tag, 21
238.23859946949597 
238.23859946949597 receive incoming, Packet #1, out of, 1, with id, 1896204204, from, Output_User_0, to, Res_5, tag, 22, delay, 0.0
238.23859946949597 enqueing, Packet #1, out of, 1, with id, 1896204204, from, Output_User_0, to, Res_5, tag, 22
238.23859946949597 dequeuing, Packet #1, out of, 1, with id, 1896204204, from, Output_User_0, to, Res_5, tag, 22
249.91519893899203 
249.91519893899203 receive incoming, Packet #1, out of, 1, with id, 1355369783, from, Output_Res_1, to, User_1, tag, 20, delay, 0.0
249.91519893899203 enqueing, Packet #1, out of, 1, with id, 1355369783, from, Output_Res_1, to, User_1, tag, 20
249.91519893899203 dequeuing, Packet #1, out of, 1, with id, 1355369783, from, Output_Res_1, to, User_1, tag, 20
249.92519893899203 
249.92519893899203 receive incoming, Packet #1, out of, 1, with id, 1282257508, from, Output_Res_1, to, User_1, tag, 20, delay, 0.0
249.92519893899203 enqueing, Packet #1, out of, 1, with id, 1282257508, from, Output_Res_1, to, User_1, tag, 20
249.92519893899203 dequeuing, Packet #1, out of, 1, with id, 1282257508, from, Output_Res_1, to, User_1, tag, 20
251.25919893899203 
251.25919893899203 receive incoming, Packet #1, out of, 1, with id, 886885096, from, Output_Res_5, to, User_0, tag, 20, delay, 0.0
251.25919893899203 enqueing, Packet #1, out of, 1, with id, 886885096, from, Output_Res_5, to, User_0, tag, 20
251.25919893899203 dequeuing, Packet #1, out of, 1, with id, 886885096, from, Output_Res_5, to, User_0, tag, 20
251.26919893899202 
251.26919893899202 receive incoming, Packet #1, out of, 1, with id, 1287756989, from, Output_Res_5, to, User_0, tag, 20, delay, 0.0
251.26919893899202 enqueing, Packet #1, out of, 1, with id, 1287756989, from, Output_Res_5, to, User_0, tag, 20
251.26919893899202 dequeuing, Packet #1, out of, 1, with id, 1287756989, from, Output_Res_5, to, User_0, tag, 20
394.859198938992 
394.859198938992 receive incoming, Packet #1, out of, 1, with id, 1693207766, from, Output_Res_5, to, User_0, tag, 22, delay, 0.0
394.859198938992 enqueing, Packet #1, out of, 1, with id, 1693207766, from, Output_Res_5, to, User_0, tag, 22
394.859198938992 dequeuing, Packet #1, out of, 1, with id, 1693207766, from, Output_Res_5, to, User_0, tag, 22
395.09119893899197 
395.09119893899197 receive incoming, Packet #1, out of, 1, with id, 242473010, from, Output_User_0, to, Res_5, tag, 21, delay, 0.0
395.09119893899197 enqueing, Packet #1, out of, 1, with id, 242473010, from, Output_User_0, to, Res_5, tag, 21
395.09119893899197 dequeuing, Packet #1, out of, 1, with id, 242473010, from, Output_User_0, to, Res_5, tag, 21
395.10119893899196 
395.10119893899196 receive incoming, Packet #1, out of, 1, with id, 1006149399, from, Output_User_0, to, Res_5, tag, 22, delay, 0.0
395.10119893899196 enqueing, Packet #1, out of, 1, with id, 1006149399, from, Output_User_0, to, Res_5, tag, 22
395.10119893899196 dequeuing, Packet #1, out of, 1, with id, 1006149399, from, Output_User_0, to, Res_5, tag, 22
400.675198938992 
400.675198938992 receive incoming, Packet #1, out of, 1, with id, 218713882, from, Output_Res_1, to, User_1, tag, 22, delay, 0.0
400.675198938992 enqueing, Packet #1, out of, 1, with id, 218713882, from, Output_Res_1, to, User_1, tag, 22
400.675198938992 dequeuing, Packet #1, out of, 1, with id, 218713882, from, Output_Res_1, to, User_1, tag, 22
400.907198938992 
400.907198938992 receive incoming, Packet #1, out of, 1, with id, 763516306, from, Output_User_1, to, Res_1, tag, 21, delay, 0.0
400.907198938992 enqueing, Packet #1, out of, 1, with id, 763516306, from, Output_User_1, to, Res_1, tag, 21
400.907198938992 dequeuing, Packet #1, out of, 1, with id, 763516306, from, Output_User_1, to, Res_1, tag, 21
400.917198938992 
400.917198938992 receive incoming, Packet #1, out of, 1, with id, 1481300966, from, Output_User_1, to, Res_1, tag, 22, delay, 0.0
400.917198938992 enqueing, Packet #1, out of, 1, with id, 1481300966, from, Output_User_1, to, Res_1, tag, 22
400.917198938992 dequeuing, Packet #1, out of, 1, with id, 1481300966, from, Output_User_1, to, Res_1, tag, 22
408.097798408488 
408.097798408488 receive incoming, Packet #1, out of, 1, with id, 510425236, from, Output_Res_5, to, User_0, tag, 20, delay, 0.0
408.097798408488 enqueing, Packet #1, out of, 1, with id, 510425236, from, Output_Res_5, to, User_0, tag, 20
408.097798408488 dequeuing, Packet #1, out of, 1, with id, 510425236, from, Output_Res_5, to, User_0, tag, 20
409.097798408488 
409.097798408488 receive incoming, Packet #1, out of, 1, with id, 269739451, from, Output_Res_5, to, User_0, tag, 20, delay, 0.0
409.097798408488 enqueing, Packet #1, out of, 1, with id, 269739451, from, Output_Res_5, to, User_0, tag, 20
409.097798408488 dequeuing, Packet #1, out of, 1, with id, 269739451, from, Output_Res_5, to, User_0, tag, 20
413.93779840848805 
413.93779840848805 receive incoming, Packet #1, out of, 1, with id, 766896281, from, Output_Res_1, to, User_1, tag, 20, delay, 0.0
413.93779840848805 enqueing, Packet #1, out of, 1, with id, 766896281, from, Output_Res_1, to, User_1, tag, 20
413.93779840848805 dequeuing, Packet #1, out of, 1, with id, 766896281, from, Output_Res_1, to, User_1, tag, 20
413.94779840848804 
413.94779840848804 receive incoming, Packet #1, out of, 1, with id, 1842237462, from, Output_Res_1, to, User_1, tag, 20, delay, 0.0
413.94779840848804 enqueing, Packet #1, out of, 1, with id, 1842237462, from, Output_Res_1, to, User_1, tag, 20
413.94779840848804 dequeuing, Packet #1, out of, 1, with id, 1842237462, from, Output_Res_1, to, User_1, tag, 20
556.585798408488 
556.585798408488 receive incoming, Packet #1, out of, 1, with id, 113610448, from, Output_Res_5, to, User_0, tag, 22, delay, 0.0
556.585798408488 enqueing, Packet #1, out of, 1, with id, 113610448, from, Output_Res_5, to, User_0, tag, 22
556.585798408488 dequeuing, Packet #1, out of, 1, with id, 113610448, from, Output_Res_5, to, User_0, tag, 22
556.817798408488 
556.817798408488 receive incoming, Packet #1, out of, 1, with id, 497289788, from, Output_User_0, to, Res_5, tag, 21, delay, 0.0
556.817798408488 enqueing, Packet #1, out of, 1, with id, 497289788, from, Output_User_0, to, Res_5, tag, 21
556.817798408488 dequeuing, Packet #1, out of, 1, with id, 497289788, from, Output_User_0, to, Res_5, tag, 21
556.827798408488 
556.827798408488 receive incoming, Packet #1, out of, 1, with id, 1367114843, from, Output_User_0, to, Res_5, tag, 22, delay, 0.0
556.827798408488 enqueing, Packet #1, out of, 1, with id, 1367114843, from, Output_User_0, to, Res_5, tag, 22
556.827798408488 dequeuing, Packet #1, out of, 1, with id, 1367114843, from, Output_User_0, to, Res_5, tag, 22
560.5297984084881 
560.5297984084881 receive incoming, Packet #1, out of, 1, with id, 1457202511, from, Output_Res_1, to, User_1, tag, 22, delay, 0.0
560.5297984084881 enqueing, Packet #1, out of, 1, with id, 1457202511, from, Output_Res_1, to, User_1, tag, 22
560.5297984084881 dequeuing, Packet #1, out of, 1, with id, 1457202511, from, Output_Res_1, to, User_1, tag, 22
560.7617984084881 
560.7617984084881 receive incoming, Packet #1, out of, 1, with id, 12502110, from, Output_User_1, to, Res_1, tag, 21, delay, 0.0
560.7617984084881 enqueing, Packet #1, out of, 1, with id, 12502110, from, Output_User_1, to, Res_1, tag, 21
560.7617984084881 dequeuing, Packet #1, out of, 1, with id, 12502110, from, Output_User_1, to, Res_1, tag, 21
560.771798408488 
560.771798408488 receive incoming, Packet #1, out of, 1, with id, 585563671, from, Output_User_1, to, Res_1, tag, 22, delay, 0.0
560.771798408488 enqueing, Packet #1, out of, 1, with id, 585563671, from, Output_User_1, to, Res_1, tag, 22
560.771798408488 dequeuing, Packet #1, out of, 1, with id, 585563671, from, Output_User_1, to, Res_1, tag, 22
570.848397877984 
570.848397877984 receive incoming, Packet #1, out of, 1, with id, 1341817998, from, Output_Res_5, to, User_0, tag, 20, delay, 0.0
570.848397877984 enqueing, Packet #1, out of, 1, with id, 1341817998, from, Output_Res_5, to, User_0, tag, 20
570.848397877984 dequeuing, Packet #1, out of, 1, with id, 1341817998, from, Output_Res_5, to, User_0, tag, 20
570.858397877984 
570.858397877984 receive incoming, Packet #1, out of, 1, with id, 925324647, from, Output_Res_5, to, User_0, tag, 20, delay, 0.0
570.858397877984 enqueing, Packet #1, out of, 1, with id, 925324647, from, Output_Res_5, to, User_0, tag, 20
570.858397877984 dequeuing, Packet #1, out of, 1, with id, 925324647, from, Output_Res_5, to, User_0, tag, 20
574.7923978779841 
574.7923978779841 receive incoming, Packet #1, out of, 1, with id, 984649965, from, Output_Res_1, to, User_1, tag, 20, delay, 0.0
574.7923978779841 enqueing, Packet #1, out of, 1, with id, 984649965, from, Output_Res_1, to, User_1, tag, 20
574.7923978779841 dequeuing, Packet #1, out of, 1, with id, 984649965, from, Output_Res_1, to, User_1, tag, 20
574.802397877984 
574.802397877984 receive incoming, Packet #1, out of, 1, with id, 1677258165, from, Output_Res_1, to, User_1, tag, 20, delay, 0.0
574.802397877984 enqueing, Packet #1, out of, 1, with id, 1677258165, from, Output_Res_1, to, User_1, tag, 20
574.802397877984 dequeuing, Packet #1, out of, 1, with id, 1677258165, from, Output_Res_1, to, User_1, tag, 20
715.768397877984 
715.768397877984 receive incoming, Packet #1, out of, 1, with id, 1400691957, from, Output_Res_5, to, User_0, tag, 22, delay, 0.0
715.768397877984 enqueing, Packet #1, out of, 1, with id, 1400691957, from, Output_Res_5, to, User_0, tag, 22
715.768397877984 dequeuing, Packet #1, out of, 1, with id, 1400691957, from, Output_Res_5, to, User_0, tag, 22
716.0003978779839 
716.0003978779839 receive incoming, Packet #1, out of, 1, with id, 1431673050, from, Output_User_0, to, Res_5, tag, 21, delay, 0.0
716.0003978779839 enqueing, Packet #1, out of, 1, with id, 1431673050, from, Output_User_0, to, Res_5, tag, 21
716.0003978779839 dequeuing, Packet #1, out of, 1, with id, 1431673050, from, Output_User_0, to, Res_5, tag, 21
716.0103978779839 
716.0103978779839 receive incoming, Packet #1, out of, 1, with id, 1618796198, from, Output_User_0, to, Res_5, tag, 22, delay, 0.0
716.0103978779839 enqueing, Packet #1, out of, 1, with id, 1618796198, from, Output_User_0, to, Res_5, tag, 22
716.0103978779839 dequeuing, Packet #1, out of, 1, with id, 1618796198, from, Output_User_0, to, Res_5, tag, 22
719.808397877984 
719.808397877984 receive incoming, Packet #1, out of, 1, with id, 986038636, from, Output_Res_1, to, User_1, tag, 22, delay, 0.0
719.808397877984 enqueing, Packet #1, out of, 1, with id, 986038636, from, Output_Res_1, to, User_1, tag, 22
719.808397877984 dequeuing, Packet #1, out of, 1, with id, 986038636, from, Output_Res_1, to, User_1, tag, 22
720.040397877984 
720.040397877984 receive incoming, Packet #1, out of, 1, with id, 1154432866, from, Output_User_1, to, Res_1, tag, 21, delay, 0.0
720.040397877984 enqueing, Packet #1, out of, 1, with id, 1154432866, from, Output_User_1, to, Res_1, tag, 21
720.040397877984 dequeuing, Packet #1, out of, 1, with id, 1154432866, from, Output_User_1, to, Res_1, tag, 21
720.050397877984 
720.050397877984 receive incoming, Packet #1, out of, 1, with id, 671618654, from, Output_User_1, to, Res_1, tag, 22, delay, 0.0
720.050397877984 enqueing, Packet #1, out of, 1, with id, 671618654, from, Output_User_1, to, Res_1, tag, 22
720.050397877984 dequeuing, Packet #1, out of, 1, with id, 671618654, from, Output_User_1, to, Res_1, tag, 22
730.0069973474799 
730.0069973474799 receive incoming, Packet #1, out of, 1, with id, 4521345, from, Output_Res_5, to, User_0, tag, 20, delay, 0.0
730.0069973474799 enqueing, Packet #1, out of, 1, with id, 4521345, from, Output_Res_5, to, User_0, tag, 20
730.0069973474799 dequeuing, Packet #1, out of, 1, with id, 4521345, from, Output_Res_5, to, User_0, tag, 20
730.0169973474799 
730.0169973474799 receive incoming, Packet #1, out of, 1, with id, 1397097642, from, Output_Res_5, to, User_0, tag, 20, delay, 0.0
730.0169973474799 enqueing, Packet #1, out of, 1, with id, 1397097642, from, Output_Res_5, to, User_0, tag, 20
730.0169973474799 dequeuing, Packet #1, out of, 1, with id, 1397097642, from, Output_Res_5, to, User_0, tag, 20
734.04699734748 
734.04699734748 receive incoming, Packet #1, out of, 1, with id, 1947123080, from, Output_Res_1, to, User_1, tag, 20, delay, 0.0
734.04699734748 enqueing, Packet #1, out of, 1, with id, 1947123080, from, Output_Res_1, to, User_1, tag, 20
734.04699734748 dequeuing, Packet #1, out of, 1, with id, 1947123080, from, Output_Res_1, to, User_1, tag, 20
734.05699734748 
734.05699734748 receive incoming, Packet #1, out of, 1, with id, 1539644443, from, Output_Res_1, to, User_1, tag, 20, delay, 0.0
734.05699734748 enqueing, Packet #1, out of, 1, with id, 1539644443, from, Output_Res_1, to, User_1, tag, 20
734.05699734748 dequeuing, Packet #1, out of, 1, with id, 1539644443, from, Output_Res_1, to, User_1, tag, 20
876.3189973474799 
876.3189973474799 receive incoming, Packet #1, out of, 1, with id, 2023041559, from, Output_Res_5, to, User_0, tag, 22, delay, 0.0
876.3189973474799 enqueing, Packet #1, out of, 1, with id, 2023041559, from, Output_Res_5, to, User_0, tag, 22
876.3189973474799 dequeuing, Packet #1, out of, 1, with id, 2023041559, from, Output_Res_5, to, User_0, tag, 22
876.5509973474799 
876.5509973474799 receive incoming, Packet #1, out of, 1, with id, 1730991605, from, Output_User_0, to, Res_5, tag, 21, delay, 0.0
876.5509973474799 enqueing, Packet #1, out of, 1, with id, 1730991605, from, Output_User_0, to, Res_5, tag, 21
876.5509973474799 dequeuing, Packet #1, out of, 1, with id, 1730991605, from, Output_User_0, to, Res_5, tag, 21
876.5609973474799 
876.5609973474799 receive incoming, Packet #1, out of, 1, with id, 1364411447, from, Output_User_0, to, Res_5, tag, 22, delay, 0.0
876.5609973474799 enqueing, Packet #1, out of, 1, with id, 1364411447, from, Output_User_0, to, Res_5, tag, 22
876.5609973474799 dequeuing, Packet #1, out of, 1, with id, 1364411447, from, Output_User_0, to, Res_5, tag, 22
880.31099734748 
880.31099734748 receive incoming, Packet #1, out of, 1, with id, 654811049, from, Output_Res_1, to, User_1, tag, 22, delay, 0.0
880.31099734748 enqueing, Packet #1, out of, 1, with id, 654811049, from, Output_Res_1, to, User_1, tag, 22
880.31099734748 dequeuing, Packet #1, out of, 1, with id, 654811049, from, Output_Res_1, to, User_1, tag, 22
880.54299734748 
880.54299734748 receive incoming, Packet #1, out of, 1, with id, 98839916, from, Output_User_1, to, Res_1, tag, 21, delay, 0.0
880.54299734748 enqueing, Packet #1, out of, 1, with id, 98839916, from, Output_User_1, to, Res_1, tag, 21
880.54299734748 dequeuing, Packet #1, out of, 1, with id, 98839916, from, Output_User_1, to, Res_1, tag, 21
880.55299734748 
880.55299734748 receive incoming, Packet #1, out of, 1, with id, 1697059980, from, Output_User_1, to, Res_1, tag, 22, delay, 0.0
880.55299734748 enqueing, Packet #1, out of, 1, with id, 1697059980, from, Output_User_1, to, Res_1, tag, 22
880.55299734748 dequeuing, Packet #1, out of, 1, with id, 1697059980, from, Output_User_1, to, Res_1, tag, 22
890.5575968169759 
890.5575968169759 receive incoming, Packet #1, out of, 1, with id, 1531162847, from, Output_Res_5, to, User_0, tag, 20, delay, 0.0
890.5575968169759 enqueing, Packet #1, out of, 1, with id, 1531162847, from, Output_Res_5, to, User_0, tag, 20
890.5575968169759 dequeuing, Packet #1, out of, 1, with id, 1531162847, from, Output_Res_5, to, User_0, tag, 20
890.5675968169759 
890.5675968169759 receive incoming, Packet #1, out of, 1, with id, 985086486, from, Output_Res_5, to, User_0, tag, 20, delay, 0.0
890.5675968169759 enqueing, Packet #1, out of, 1, with id, 985086486, from, Output_Res_5, to, User_0, tag, 20
890.5675968169759 dequeuing, Packet #1, out of, 1, with id, 985086486, from, Output_Res_5, to, User_0, tag, 20
894.549596816976 
894.549596816976 receive incoming, Packet #1, out of, 1, with id, 7994674, from, Output_Res_1, to, User_1, tag, 20, delay, 0.0
894.549596816976 enqueing, Packet #1, out of, 1, with id, 7994674, from, Output_Res_1, to, User_1, tag, 20
894.549596816976 dequeuing, Packet #1, out of, 1, with id, 7994674, from, Output_Res_1, to, User_1, tag, 20
894.559596816976 
894.559596816976 receive incoming, Packet #1, out of, 1, with id, 1984128773, from, Output_Res_1, to, User_1, tag, 20, delay, 0.0
894.559596816976 enqueing, Packet #1, out of, 1, with id, 1984128773, from, Output_Res_1, to, User_1, tag, 20
894.559596816976 dequeuing, Packet #1, out of, 1, with id, 1984128773, from, Output_Res_1, to, User_1, tag, 20
1036.157596816976 
1036.157596816976 receive incoming, Packet #1, out of, 1, with id, 1549762806, from, Output_Res_5, to, User_0, tag, 22, delay, 0.0
1036.157596816976 enqueing, Packet #1, out of, 1, with id, 1549762806, from, Output_Res_5, to, User_0, tag, 22
1036.157596816976 dequeuing, Packet #1, out of, 1, with id, 1549762806, from, Output_Res_5, to, User_0, tag, 22
1036.3895968169759 
1036.3895968169759 receive incoming, Packet #1, out of, 1, with id, 1027182767, from, Output_User_0, to, Res_5, tag, 21, delay, 0.0
1036.3895968169759 enqueing, Packet #1, out of, 1, with id, 1027182767, from, Output_User_0, to, Res_5, tag, 21
1036.3895968169759 dequeuing, Packet #1, out of, 1, with id, 1027182767, from, Output_User_0, to, Res_5, tag, 21
1036.3995968169759 
1036.3995968169759 receive incoming, Packet #1, out of, 1, with id, 1021442954, from, Output_User_0, to, Res_5, tag, 22, delay, 0.0
1036.3995968169759 enqueing, Packet #1, out of, 1, with id, 1021442954, from, Output_User_0, to, Res_5, tag, 22
1036.3995968169759 dequeuing, Packet #1, out of, 1, with id, 1021442954, from, Output_User_0, to, Res_5, tag, 22
1040.1735968169758 
1040.1735968169758 receive incoming, Packet #1, out of, 1, with id, 484904712, from, Output_Res_1, to, User_1, tag, 22, delay, 0.0
1040.1735968169758 enqueing, Packet #1, out of, 1, with id, 484904712, from, Output_Res_1, to, User_1, tag, 22
1040.1735968169758 dequeuing, Packet #1, out of, 1, with id, 484904712, from, Output_Res_1, to, User_1, tag, 22
1040.4055968169757 
1040.4055968169757 receive incoming, Packet #1, out of, 1, with id, 1999222197, from, Output_User_1, to, Res_1, tag, 21, delay, 0.0
1040.4055968169757 enqueing, Packet #1, out of, 1, with id, 1999222197, from, Output_User_1, to, Res_1, tag, 21
1040.4055968169757 dequeuing, Packet #1, out of, 1, with id, 1999222197, from, Output_User_1, to, Res_1, tag, 21
1040.4155968169757 
1040.4155968169757 receive incoming, Packet #1, out of, 1, with id, 2067733358, from, Output_User_1, to, Res_1, tag, 22, delay, 0.0
1040.4155968169757 enqueing, Packet #1, out of, 1, with id, 2067733358, from, Output_User_1, to, Res_1, tag, 22
1040.4155968169757 dequeuing, Packet #1, out of, 1, with id, 2067733358, from, Output_User_1, to, Res_1, tag, 22
1049.420196286472 
1049.420196286472 receive incoming, Packet #1, out of, 1, with id, 1251066848, from, Output_Res_5, to, User_0, tag, 20, delay, 0.0
1049.420196286472 enqueing, Packet #1, out of, 1, with id, 1251066848, from, Output_Res_5, to, User_0, tag, 20
1049.420196286472 dequeuing, Packet #1, out of, 1, with id, 1251066848, from, Output_Res_5, to, User_0, tag, 20
1049.430196286472 
1049.430196286472 receive incoming, Packet #1, out of, 1, with id, 1149226864, from, Output_Res_5, to, User_0, tag, 20, delay, 0.0
1049.430196286472 enqueing, Packet #1, out of, 1, with id, 1149226864, from, Output_Res_5, to, User_0, tag, 20
1049.430196286472 dequeuing, Packet #1, out of, 1, with id, 1149226864, from, Output_Res_5, to, User_0, tag, 20
1053.412196286472 
1053.412196286472 receive incoming, Packet #1, out of, 1, with id, 8271265, from, Output_Res_1, to, User_1, tag, 20, delay, 0.0
1053.412196286472 enqueing, Packet #1, out of, 1, with id, 8271265, from, Output_Res_1, to, User_1, tag, 20
1053.412196286472 dequeuing, Packet #1, out of, 1, with id, 8271265, from, Output_Res_1, to, User_1, tag, 20
1054.412196286472 
1054.412196286472 receive incoming, Packet #1, out of, 1, with id, 584982667, from, Output_Res_1, to, User_1, tag, 20, delay, 0.0
1054.412196286472 enqueing, Packet #1, out of, 1, with id, 584982667, from, Output_Res_1, to, User_1, tag, 20
1054.412196286472 dequeuing, Packet #1, out of, 1, with id, 584982667, from, Output_Res_1, to, User_1, tag, 20
1196.8761962864721 
1196.8761962864721 receive incoming, Packet #1, out of, 1, with id, 1795461979, from, Output_Res_5, to, User_0, tag, 22, delay, 0.0
1196.8761962864721 enqueing, Packet #1, out of, 1, with id, 1795461979, from, Output_Res_5, to, User_0, tag, 22
1196.8761962864721 dequeuing, Packet #1, out of, 1, with id, 1795461979, from, Output_Res_5, to, User_0, tag, 22
1197.108196286472 
1197.108196286472 receive incoming, Packet #1, out of, 1, with id, 1071113520, from, Output_User_0, to, Res_5, tag, 21, delay, 0.0
1197.108196286472 enqueing, Packet #1, out of, 1, with id, 1071113520, from, Output_User_0, to, Res_5, tag, 21
1197.108196286472 dequeuing, Packet #1, out of, 1, with id, 1071113520, from, Output_User_0, to, Res_5, tag, 21
1197.118196286472 
1197.118196286472 receive incoming, Packet #1, out of, 1, with id, 726453168, from, Output_User_0, to, Res_5, tag, 22, delay, 0.0
1197.118196286472 enqueing, Packet #1, out of, 1, with id, 726453168, from, Output_User_0, to, Res_5, tag, 22
1197.118196286472 dequeuing, Packet #1, out of, 1, with id, 726453168, from, Output_User_0, to, Res_5, tag, 22
1200.732196286472 
1200.732196286472 receive incoming, Packet #1, out of, 1, with id, 333659939, from, Output_Res_1, to, User_1, tag, 22, delay, 0.0
1200.732196286472 enqueing, Packet #1, out of, 1, with id, 333659939, from, Output_Res_1, to, User_1, tag, 22
1200.732196286472 dequeuing, Packet #1, out of, 1, with id, 333659939, from, Output_Res_1, to, User_1, tag, 22
1200.9641962864719 
1200.9641962864719 receive incoming, Packet #1, out of, 1, with id, 1643045514, from, Output_User_1, to, Res_1, tag, 21, delay, 0.0
1200.9641962864719 enqueing, Packet #1, out of, 1, with id, 1643045514, from, Output_User_1, to, Res_1, tag, 21
1200.9641962864719 dequeuing, Packet #1, out of, 1, with id, 1643045514, from, Output_User_1, to, Res_1, tag, 21
1200.9741962864719 
1200.9741962864719 receive incoming, Packet #1, out of, 1, with id, 883803935, from, Output_User_1, to, Res_1, tag, 22, delay, 0.0
1200.9741962864719 enqueing, Packet #1, out of, 1, with id, 883803935, from, Output_User_1, to, Res_1, tag, 22
1200.9741962864719 dequeuing, Packet #1, out of, 1, with id, 883803935, from, Output_User_1, to, Res_1, tag, 22
1210.1387957559682 
1210.1387957559682 receive incoming, Packet #1, out of, 1, with id, 1242334854, from, Output_Res_5, to, User_0, tag, 20, delay, 0.0
1210.1387957559682 enqueing, Packet #1, out of, 1, with id, 1242334854, from, Output_Res_5, to, User_0, tag, 20
1210.1387957559682 dequeuing, Packet #1, out of, 1, with id, 1242334854, from, Output_Res_5, to, User_0, tag, 20
1210.1487957559682 
1210.1487957559682 receive incoming, Packet #1, out of, 1, with id, 761541547, from, Output_Res_5, to, User_0, tag, 20, delay, 0.0
1210.1487957559682 enqueing, Packet #1, out of, 1, with id, 761541547, from, Output_Res_5, to, User_0, tag, 20
1210.1487957559682 dequeuing, Packet #1, out of, 1, with id, 761541547, from, Output_Res_5, to, User_0, tag, 20
1213.994795755968 
1213.994795755968 receive incoming, Packet #1, out of, 1, with id, 1170575681, from, Output_Res_1, to, User_1, tag, 20, delay, 0.0
1213.994795755968 enqueing, Packet #1, out of, 1, with id, 1170575681, from, Output_Res_1, to, User_1, tag, 20
1213.994795755968 dequeuing, Packet #1, out of, 1, with id, 1170575681, from, Output_Res_1, to, User_1, tag, 20
1214.004795755968 
1214.004795755968 receive incoming, Packet #1, out of, 1, with id, 2065566951, from, Output_Res_1, to, User_1, tag, 20, delay, 0.0
1214.004795755968 enqueing, Packet #1, out of, 1, with id, 2065566951, from, Output_Res_1, to, User_1, tag, 20
1214.004795755968 dequeuing, Packet #1, out of, 1, with id, 2065566951, from, Output_Res_1, to, User_1, tag, 20
1356.7307957559683 
1356.7307957559683 receive incoming, Packet #1, out of, 1, with id, 925801387, from, Output_Res_5, to, User_0, tag, 22, delay, 0.0
1356.7307957559683 enqueing, Packet #1, out of, 1, with id, 925801387, from, Output_Res_5, to, User_0, tag, 22
1356.7307957559683 dequeuing, Packet #1, out of, 1, with id, 925801387, from, Output_Res_5, to, User_0, tag, 22
1356.9627957559683 
1356.9627957559683 receive incoming, Packet #1, out of, 1, with id, 1907984896, from, Output_User_0, to, Res_5, tag, 21, delay, 0.0
1356.9627957559683 enqueing, Packet #1, out of, 1, with id, 1907984896, from, Output_User_0, to, Res_5, tag, 21
1356.9627957559683 dequeuing, Packet #1, out of, 1, with id, 1907984896, from, Output_User_0, to, Res_5, tag, 21
1356.9727957559683 
1356.9727957559683 receive incoming, Packet #1, out of, 1, with id, 963096471, from, Output_User_0, to, Res_5, tag, 22, delay, 0.0
1356.9727957559683 enqueing, Packet #1, out of, 1, with id, 963096471, from, Output_User_0, to, Res_5, tag, 22
1356.9727957559683 dequeuing, Packet #1, out of, 1, with id, 963096471, from, Output_User_0, to, Res_5, tag, 22
1360.8987957559677 
1360.8987957559677 receive incoming, Packet #1, out of, 1, with id, 2014821006, from, Output_Res_1, to, User_1, tag, 22, delay, 0.0
1360.8987957559677 enqueing, Packet #1, out of, 1, with id, 2014821006, from, Output_Res_1, to, User_1, tag, 22
1360.8987957559677 dequeuing, Packet #1, out of, 1, with id, 2014821006, from, Output_Res_1, to, User_1, tag, 22
1361.1307957559677 
1361.1307957559677 receive incoming, Packet #1, out of, 1, with id, 1094411839, from, Output_User_1, to, Res_1, tag, 21, delay, 0.0
1361.1307957559677 enqueing, Packet #1, out of, 1, with id, 1094411839, from, Output_User_1, to, Res_1, tag, 21
1361.1307957559677 dequeuing, Packet #1, out of, 1, with id, 1094411839, from, Output_User_1, to, Res_1, tag, 21
1361.1407957559677 
1361.1407957559677 receive incoming, Packet #1, out of, 1, with id, 1367689455, from, Output_User_1, to, Res_1, tag, 22, delay, 0.0
1361.1407957559677 enqueing, Packet #1, out of, 1, with id, 1367689455, from, Output_User_1, to, Res_1, tag, 22
1361.1407957559677 dequeuing, Packet #1, out of, 1, with id, 1367689455, from, Output_User_1, to, Res_1, tag, 22
1369.9933952254644 
1369.9933952254644 receive incoming, Packet #1, out of, 1, with id, 1640289015, from, Output_Res_5, to, User_0, tag, 20, delay, 0.0
1369.9933952254644 enqueing, Packet #1, out of, 1, with id, 1640289015, from, Output_Res_5, to, User_0, tag, 20
1369.9933952254644 dequeuing, Packet #1, out of, 1, with id, 1640289015, from, Output_Res_5, to, User_0, tag, 20
1370.0033952254644 
1370.0033952254644 receive incoming, Packet #1, out of, 1, with id, 387089313, from, Output_Res_5, to, User_0, tag, 20, delay, 0.0
1370.0033952254644 enqueing, Packet #1, out of, 1, with id, 387089313, from, Output_Res_5, to, User_0, tag, 20
1370.0033952254644 dequeuing, Packet #1, out of, 1, with id, 387089313, from, Output_Res_5, to, User_0, tag, 20
1374.137395225464 
1374.137395225464 receive incoming, Packet #1, out of, 1, with id, 1515070267, from, Output_Res_1, to, User_1, tag, 20, delay, 0.0
1374.137395225464 enqueing, Packet #1, out of, 1, with id, 1515070267, from, Output_Res_1, to, User_1, tag, 20
1374.137395225464 dequeuing, Packet #1, out of, 1, with id, 1515070267, from, Output_Res_1, to, User_1, tag, 20
1375.137395225464 
1375.137395225464 receive incoming, Packet #1, out of, 1, with id, 2109728532, from, Output_Res_1, to, User_1, tag, 20, delay, 0.0
1375.137395225464 enqueing, Packet #1, out of, 1, with id, 2109728532, from, Output_Res_1, to, User_1, tag, 20
1375.137395225464 dequeuing, Packet #1, out of, 1, with id, 2109728532, from, Output_Res_1, to, User_1, tag, 20
1516.9853952254643 
1516.9853952254643 receive incoming, Packet #1, out of, 1, with id, 319121583, from, Output_Res_5, to, User_0, tag, 22, delay, 0.0
1516.9853952254643 enqueing, Packet #1, out of, 1, with id, 319121583, from, Output_Res_5, to, User_0, tag, 22
1516.9853952254643 dequeuing, Packet #1, out of, 1, with id, 319121583, from, Output_Res_5, to, User_0, tag, 22
1517.2173952254643 
1517.2173952254643 receive incoming, Packet #1, out of, 1, with id, 1835140143, from, Output_User_0, to, Res_5, tag, 21, delay, 0.0
1517.2173952254643 enqueing, Packet #1, out of, 1, with id, 1835140143, from, Output_User_0, to, Res_5, tag, 21
1517.2173952254643 dequeuing, Packet #1, out of, 1, with id, 1835140143, from, Output_User_0, to, Res_5, tag, 21
1517.2273952254643 
1517.2273952254643 receive incoming, Packet #1, out of, 1, with id, 1355634243, from, Output_User_0, to, Res_5, tag, 22, delay, 0.0
1517.2273952254643 enqueing, Packet #1, out of, 1, with id, 1355634243, from, Output_User_0, to, Res_5, tag, 22
1517.2273952254643 dequeuing, Packet #1, out of, 1, with id, 1355634243, from, Output_User_0, to, Res_5, tag, 22
1520.577395225464 
1520.577395225464 receive incoming, Packet #1, out of, 1, with id, 965749259, from, Output_Res_1, to, User_1, tag, 22, delay, 0.0
1520.577395225464 enqueing, Packet #1, out of, 1, with id, 965749259, from, Output_Res_1, to, User_1, tag, 22
1520.577395225464 dequeuing, Packet #1, out of, 1, with id, 965749259, from, Output_Res_1, to, User_1, tag, 22
1520.809395225464 
1520.809395225464 receive incoming, Packet #1, out of, 1, with id, 265088647, from, Output_User_1, to, Res_1, tag, 21, delay, 0.0
1520.809395225464 enqueing, Packet #1, out of, 1, with id, 265088647, from, Output_User_1, to, Res_1, tag, 21
1520.809395225464 dequeuing, Packet #1, out of, 1, with id, 265088647, from, Output_User_1, to, Res_1, tag, 21
1520.819395225464 
1520.819395225464 receive incoming, Packet #1, out of, 1, with id, 1138152799, from, Output_User_1, to, Res_1, tag, 22, delay, 0.0
1520.819395225464 enqueing, Packet #1, out of, 1, with id, 1138152799, from, Output_User_1, to, Res_1, tag, 22
1520.819395225464 dequeuing, Packet #1, out of, 1, with id, 1138152799, from, Output_User_1, to, Res_1, tag, 22
1530.2479946949604 
1530.2479946949604 receive incoming, Packet #1, out of, 1, with id, 1636356245, from, Output_Res_5, to, User_0, tag, 20, delay, 0.0
1530.2479946949604 enqueing, Packet #1, out of, 1, with id, 1636356245, from, Output_Res_5, to, User_0, tag, 20
1530.2479946949604 dequeuing, Packet #1, out of, 1, with id, 1636356245, from, Output_Res_5, to, User_0, tag, 20
1530.2579946949604 
1530.2579946949604 receive incoming, Packet #1, out of, 1, with id, 1342111195, from, Output_Res_5, to, User_0, tag, 20, delay, 0.0
1530.2579946949604 enqueing, Packet #1, out of, 1, with id, 1342111195, from, Output_Res_5, to, User_0, tag, 20
1530.2579946949604 dequeuing, Packet #1, out of, 1, with id, 1342111195, from, Output_Res_5, to, User_0, tag, 20
1533.83999469496 
1533.83999469496 receive incoming, Packet #1, out of, 1, with id, 940803873, from, Output_Res_1, to, User_1, tag, 20, delay, 0.0
1533.83999469496 enqueing, Packet #1, out of, 1, with id, 940803873, from, Output_Res_1, to, User_1, tag, 20
1533.83999469496 dequeuing, Packet #1, out of, 1, with id, 940803873, from, Output_Res_1, to, User_1, tag, 20
1533.84999469496 
1533.84999469496 receive incoming, Packet #1, out of, 1, with id, 342642397, from, Output_Res_1, to, User_1, tag, 20, delay, 0.0
1533.84999469496 enqueing, Packet #1, out of, 1, with id, 342642397, from, Output_Res_1, to, User_1, tag, 20
1533.84999469496 dequeuing, Packet #1, out of, 1, with id, 342642397, from, Output_Res_1, to, User_1, tag, 20
1676.8399946949605 
1676.8399946949605 receive incoming, Packet #1, out of, 1, with id, 735716424, from, Output_Res_5, to, User_0, tag, 22, delay, 0.0
1676.8399946949605 enqueing, Packet #1, out of, 1, with id, 735716424, from, Output_Res_5, to, User_0, tag, 22
1676.8399946949605 dequeuing, Packet #1, out of, 1, with id, 735716424, from, Output_Res_5, to, User_0, tag, 22
1677.0719946949605 
1677.0719946949605 receive incoming, Packet #1, out of, 1, with id, 389519148, from, Output_User_0, to, Res_5, tag, 21, delay, 0.0
1677.0719946949605 enqueing, Packet #1, out of, 1, with id, 389519148, from, Output_User_0, to, Res_5, tag, 21
1677.0719946949605 dequeuing, Packet #1, out of, 1, with id, 389519148, from, Output_User_0, to, Res_5, tag, 21
1677.0819946949605 
1677.0819946949605 receive incoming, Packet #1, out of, 1, with id, 930737416, from, Output_User_0, to, Res_5, tag, 22, delay, 0.0
1677.0819946949605 enqueing, Packet #1, out of, 1, with id, 930737416, from, Output_User_0, to, Res_5, tag, 22
1677.0819946949605 dequeuing, Packet #1, out of, 1, with id, 930737416, from, Output_User_0, to, Res_5, tag, 22
1680.9679946949602 
1680.9679946949602 receive incoming, Packet #1, out of, 1, with id, 1542646843, from, Output_Res_1, to, User_1, tag, 22, delay, 0.0
1680.9679946949602 enqueing, Packet #1, out of, 1, with id, 1542646843, from, Output_Res_1, to, User_1, tag, 22
1680.9679946949602 dequeuing, Packet #1, out of, 1, with id, 1542646843, from, Output_Res_1, to, User_1, tag, 22
1681.1999946949602 
1681.1999946949602 receive incoming, Packet #1, out of, 1, with id, 206414425, from, Output_User_1, to, Res_1, tag, 21, delay, 0.0
1681.1999946949602 enqueing, Packet #1, out of, 1, with id, 206414425, from, Output_User_1, to, Res_1, tag, 21
1681.1999946949602 dequeuing, Packet #1, out of, 1, with id, 206414425, from, Output_User_1, to, Res_1, tag, 21
1681.2099946949602 
1681.2099946949602 receive incoming, Packet #1, out of, 1, with id, 645635675, from, Output_User_1, to, Res_1, tag, 22, delay, 0.0
1681.2099946949602 enqueing, Packet #1, out of, 1, with id, 645635675, from, Output_User_1, to, Res_1, tag, 22
1681.2099946949602 dequeuing, Packet #1, out of, 1, with id, 645635675, from, Output_User_1, to, Res_1, tag, 22
1690.1025941644566 
1690.1025941644566 receive incoming, Packet #1, out of, 1, with id, 1644860211, from, Output_Res_5, to, User_0, tag, 20, delay, 0.0
1690.1025941644566 enqueing, Packet #1, out of, 1, with id, 1644860211, from, Output_Res_5, to, User_0, tag, 20
1690.1025941644566 dequeuing, Packet #1, out of, 1, with id, 1644860211, from, Output_Res_5, to, User_0, tag, 20
1690.1125941644566 
1690.1125941644566 receive incoming, Packet #1, out of, 1, with id, 291559890, from, Output_Res_5, to, User_0, tag, 20, delay, 0.0
1690.1125941644566 enqueing, Packet #1, out of, 1, with id, 291559890, from, Output_Res_5, to, User_0, tag, 20
1690.1125941644566 dequeuing, Packet #1, out of, 1, with id, 291559890, from, Output_Res_5, to, User_0, tag, 20
1694.2305941644563 
1694.2305941644563 receive incoming, Packet #1, out of, 1, with id, 1618371243, from, Output_Res_1, to, User_1, tag, 20, delay, 0.0
1694.2305941644563 enqueing, Packet #1, out of, 1, with id, 1618371243, from, Output_Res_1, to, User_1, tag, 20
1694.2305941644563 dequeuing, Packet #1, out of, 1, with id, 1618371243, from, Output_Res_1, to, User_1, tag, 20
1694.2405941644563 
1694.2405941644563 receive incoming, Packet #1, out of, 1, with id, 1134016000, from, Output_Res_1, to, User_1, tag, 20, delay, 0.0
1694.2405941644563 enqueing, Packet #1, out of, 1, with id, 1134016000, from, Output_Res_1, to, User_1, tag, 20
1694.2405941644563 dequeuing, Packet #1, out of, 1, with id, 1134016000, from, Output_Res_1, to, User_1, tag, 20
1837.0945941644566 
1837.0945941644566 receive incoming, Packet #1, out of, 1, with id, 300378579, from, Output_Res_5, to, User_0, tag, 22, delay, 0.0
1837.0945941644566 enqueing, Packet #1, out of, 1, with id, 300378579, from, Output_Res_5, to, User_0, tag, 22
1837.0945941644566 dequeuing, Packet #1, out of, 1, with id, 300378579, from, Output_Res_5, to, User_0, tag, 22
1837.3265941644565 
1837.3265941644565 receive incoming, Packet #1, out of, 1, with id, 349841882, from, Output_User_0, to, Res_5, tag, 21, delay, 0.0
1837.3265941644565 enqueing, Packet #1, out of, 1, with id, 349841882, from, Output_User_0, to, Res_5, tag, 21
1837.3265941644565 dequeuing, Packet #1, out of, 1, with id, 349841882, from, Output_User_0, to, Res_5, tag, 21
1837.3365941644565 
1837.3365941644565 receive incoming, Packet #1, out of, 1, with id, 1237076214, from, Output_User_0, to, Res_5, tag, 22, delay, 0.0
1837.3365941644565 enqueing, Packet #1, out of, 1, with id, 1237076214, from, Output_User_0, to, Res_5, tag, 22
1837.3365941644565 dequeuing, Packet #1, out of, 1, with id, 1237076214, from, Output_User_0, to, Res_5, tag, 22
1840.942594164456 
1840.942594164456 receive incoming, Packet #1, out of, 1, with id, 723149740, from, Output_Res_1, to, User_1, tag, 22, delay, 0.0
1840.942594164456 enqueing, Packet #1, out of, 1, with id, 723149740, from, Output_Res_1, to, User_1, tag, 22
1840.942594164456 dequeuing, Packet #1, out of, 1, with id, 723149740, from, Output_Res_1, to, User_1, tag, 22
1841.174594164456 
1841.174594164456 receive incoming, Packet #1, out of, 1, with id, 408347590, from, Output_User_1, to, Res_1, tag, 21, delay, 0.0
1841.174594164456 enqueing, Packet #1, out of, 1, with id, 408347590, from, Output_User_1, to, Res_1, tag, 21
1841.174594164456 dequeuing, Packet #1, out of, 1, with id, 408347590, from, Output_User_1, to, Res_1, tag, 21
1841.184594164456 
1841.184594164456 receive incoming, Packet #1, out of, 1, with id, 1529846379, from, Output_User_1, to, Res_1, tag, 22, delay, 0.0
1841.184594164456 enqueing, Packet #1, out of, 1, with id, 1529846379, from, Output_User_1, to, Res_1, tag, 22
1841.184594164456 dequeuing, Packet #1, out of, 1, with id, 1529846379, from, Output_User_1, to, Res_1, tag, 22
1850.3571936339526 
1850.3571936339526 receive incoming, Packet #1, out of, 1, with id, 2002234726, from, Output_Res_5, to, User_0, tag, 20, delay, 0.0
1850.3571936339526 enqueing, Packet #1, out of, 1, with id, 2002234726, from, Output_Res_5, to, User_0, tag, 20
1850.3571936339526 dequeuing, Packet #1, out of, 1, with id, 2002234726, from, Output_Res_5, to, User_0, tag, 20
1850.3671936339526 
1850.3671936339526 receive incoming, Packet #1, out of, 1, with id, 1228124529, from, Output_Res_5, to, User_0, tag, 20, delay, 0.0
1850.3671936339526 enqueing, Packet #1, out of, 1, with id, 1228124529, from, Output_Res_5, to, User_0, tag, 20
1850.3671936339526 dequeuing, Packet #1, out of, 1, with id, 1228124529, from, Output_Res_5, to, User_0, tag, 20
1854.1811936339523 
1854.1811936339523 receive incoming, Packet #1, out of, 1, with id, 1295927219, from, Output_Res_1, to, User_1, tag, 20, delay, 0.0
1854.1811936339523 enqueing, Packet #1, out of, 1, with id, 1295927219, from, Output_Res_1, to, User_1, tag, 20
1854.1811936339523 dequeuing, Packet #1, out of, 1, with id, 1295927219, from, Output_Res_1, to, User_1, tag, 20
1855.1811936339523 
1855.1811936339523 receive incoming, Packet #1, out of, 1, with id, 348723684, from, Output_Res_1, to, User_1, tag, 20, delay, 0.0
1855.1811936339523 enqueing, Packet #1, out of, 1, with id, 348723684, from, Output_Res_1, to, User_1, tag, 20
1855.1811936339523 dequeuing, Packet #1, out of, 1, with id, 348723684, from, Output_Res_1, to, User_1, tag, 20
1996.9491936339527 
1996.9491936339527 receive incoming, Packet #1, out of, 1, with id, 918543324, from, Output_Res_5, to, User_0, tag, 22, delay, 0.0
1996.9491936339527 enqueing, Packet #1, out of, 1, with id, 918543324, from, Output_Res_5, to, User_0, tag, 22
1996.9491936339527 dequeuing, Packet #1, out of, 1, with id, 918543324, from, Output_Res_5, to, User_0, tag, 22
1997.1811936339527 
1997.1811936339527 receive incoming, Packet #1, out of, 1, with id, 808443897, from, Output_User_0, to, Res_5, tag, 21, delay, 0.0
1997.1811936339527 enqueing, Packet #1, out of, 1, with id, 808443897, from, Output_User_0, to, Res_5, tag, 21
1997.1811936339527 dequeuing, Packet #1, out of, 1, with id, 808443897, from, Output_User_0, to, Res_5, tag, 21
1997.1911936339527 
1997.1911936339527 receive incoming, Packet #1, out of, 1, with id, 251406799, from, Output_User_0, to, Res_5, tag, 22, delay, 0.0
1997.1911936339527 enqueing, Packet #1, out of, 1, with id, 251406799, from, Output_User_0, to, Res_5, tag, 22
1997.1911936339527 dequeuing, Packet #1, out of, 1, with id, 251406799, from, Output_User_0, to, Res_5, tag, 22
2000.7731936339521 
2000.7731936339521 receive incoming, Packet #1, out of, 1, with id, 1194090461, from, Output_Res_1, to, User_1, tag, 22, delay, 0.0
2000.7731936339521 enqueing, Packet #1, out of, 1, with id, 1194090461, from, Output_Res_1, to, User_1, tag, 22
2000.7731936339521 dequeuing, Packet #1, out of, 1, with id, 1194090461, from, Output_Res_1, to, User_1, tag, 22
2001.005193633952 
2001.005193633952 receive incoming, Packet #1, out of, 1, with id, 18022690, from, Output_User_1, to, Res_1, tag, 21, delay, 0.0
2001.005193633952 enqueing, Packet #1, out of, 1, with id, 18022690, from, Output_User_1, to, Res_1, tag, 21
2001.005193633952 dequeuing, Packet #1, out of, 1, with id, 18022690, from, Output_User_1, to, Res_1, tag, 21
2001.015193633952 
2001.015193633952 receive incoming, Packet #1, out of, 1, with id, 1286295884, from, Output_User_1, to, Res_1, tag, 22, delay, 0.0
2001.015193633952 enqueing, Packet #1, out of, 1, with id, 1286295884, from, Output_User_1, to, Res_1, tag, 22
2001.015193633952 dequeuing, Packet #1, out of, 1, with id, 1286295884, from, Output_User_1, to, Res_1, tag, 22
2010.2117931034488 
2010.2117931034488 receive incoming, Packet #1, out of, 1, with id, 1117280831, from, Output_Res_5, to, User_0, tag, 20, delay, 0.0
2010.2117931034488 enqueing, Packet #1, out of, 1, with id, 1117280831, from, Output_Res_5, to, User_0, tag, 20
2010.2117931034488 dequeuing, Packet #1, out of, 1, with id, 1117280831, from, Output_Res_5, to, User_0, tag, 20
2010.2217931034488 
2010.2217931034488 receive incoming, Packet #1, out of, 1, with id, 25534613, from, Output_Res_5, to, User_0, tag, 20, delay, 0.0
2010.2217931034488 enqueing, Packet #1, out of, 1, with id, 25534613, from, Output_Res_5, to, User_0, tag, 20
2010.2217931034488 dequeuing, Packet #1, out of, 1, with id, 25534613, from, Output_Res_5, to, User_0, tag, 20
2014.0117931034483 
2014.0117931034483 receive incoming, Packet #1, out of, 1, with id, 1387779286, from, Output_Res_1, to, User_1, tag, 20, delay, 0.0
2014.0117931034483 enqueing, Packet #1, out of, 1, with id, 1387779286, from, Output_Res_1, to, User_1, tag, 20
2014.0117931034483 dequeuing, Packet #1, out of, 1, with id, 1387779286, from, Output_Res_1, to, User_1, tag, 20
2015.0117931034483 
2015.0117931034483 receive incoming, Packet #1, out of, 1, with id, 1324337835, from, Output_Res_1, to, User_1, tag, 20, delay, 0.0
2015.0117931034483 enqueing, Packet #1, out of, 1, with id, 1324337835, from, Output_Res_1, to, User_1, tag, 20
2015.0117931034483 dequeuing, Packet #1, out of, 1, with id, 1324337835, from, Output_Res_1, to, User_1, tag, 20
2157.2037931034492 
2157.2037931034492 receive incoming, Packet #1, out of, 1, with id, 1996671127, from, Output_Res_5, to, User_0, tag, 22, delay, 0.0
2157.2037931034492 enqueing, Packet #1, out of, 1, with id, 1996671127, from, Output_Res_5, to, User_0, tag, 22
2157.2037931034492 dequeuing, Packet #1, out of, 1, with id, 1996671127, from, Output_Res_5, to, User_0, tag, 22
2157.43579310345 
2157.43579310345 receive incoming, Packet #1, out of, 1, with id, 1156855215, from, Output_User_0, to, Res_5, tag, 21, delay, 0.0
2157.43579310345 enqueing, Packet #1, out of, 1, with id, 1156855215, from, Output_User_0, to, Res_5, tag, 21
2157.43579310345 dequeuing, Packet #1, out of, 1, with id, 1156855215, from, Output_User_0, to, Res_5, tag, 21
2157.4457931034503 
2157.4457931034503 receive incoming, Packet #1, out of, 1, with id, 1880574717, from, Output_User_0, to, Res_5, tag, 22, delay, 0.0
2157.4457931034503 enqueing, Packet #1, out of, 1, with id, 1880574717, from, Output_User_0, to, Res_5, tag, 22
2157.4457931034503 dequeuing, Packet #1, out of, 1, with id, 1880574717, from, Output_User_0, to, Res_5, tag, 22
2160.8597931034483 
2160.8597931034483 receive incoming, Packet #1, out of, 1, with id, 1362368853, from, Output_Res_1, to, User_1, tag, 22, delay, 0.0
2160.8597931034483 enqueing, Packet #1, out of, 1, with id, 1362368853, from, Output_Res_1, to, User_1, tag, 22
2160.8597931034483 dequeuing, Packet #1, out of, 1, with id, 1362368853, from, Output_Res_1, to, User_1, tag, 22
2161.091793103449 
2161.091793103449 receive incoming, Packet #1, out of, 1, with id, 471380010, from, Output_User_1, to, Res_1, tag, 21, delay, 0.0
2161.091793103449 enqueing, Packet #1, out of, 1, with id, 471380010, from, Output_User_1, to, Res_1, tag, 21
2161.091793103449 dequeuing, Packet #1, out of, 1, with id, 471380010, from, Output_User_1, to, Res_1, tag, 21
2161.1017931034494 
2161.1017931034494 receive incoming, Packet #1, out of, 1, with id, 830256881, from, Output_User_1, to, Res_1, tag, 22, delay, 0.0
2161.1017931034494 enqueing, Packet #1, out of, 1, with id, 830256881, from, Output_User_1, to, Res_1, tag, 22
2161.1017931034494 dequeuing, Packet #1, out of, 1, with id, 830256881, from, Output_User_1, to, Res_1, tag, 22
2171.466392572945 
2171.466392572945 receive incoming, Packet #1, out of, 1, with id, 911787486, from, Output_Res_5, to, User_0, tag, 20, delay, 0.0
2171.466392572945 enqueing, Packet #1, out of, 1, with id, 911787486, from, Output_Res_5, to, User_0, tag, 20
2171.466392572945 dequeuing, Packet #1, out of, 1, with id, 911787486, from, Output_Res_5, to, User_0, tag, 20
2171.4763925729453 
2171.4763925729453 receive incoming, Packet #1, out of, 1, with id, 974288347, from, Output_Res_5, to, User_0, tag, 20, delay, 0.0
2171.4763925729453 enqueing, Packet #1, out of, 1, with id, 974288347, from, Output_Res_5, to, User_0, tag, 20
2171.4763925729453 dequeuing, Packet #1, out of, 1, with id, 974288347, from, Output_Res_5, to, User_0, tag, 20
2175.0983925729442 
2175.0983925729442 receive incoming, Packet #1, out of, 1, with id, 1071311778, from, Output_Res_1, to, User_1, tag, 20, delay, 0.0
2175.0983925729442 enqueing, Packet #1, out of, 1, with id, 1071311778, from, Output_Res_1, to, User_1, tag, 20
2175.0983925729442 dequeuing, Packet #1, out of, 1, with id, 1071311778, from, Output_Res_1, to, User_1, tag, 20
2175.1083925729445 
2175.1083925729445 receive incoming, Packet #1, out of, 1, with id, 443961390, from, Output_Res_1, to, User_1, tag, 20, delay, 0.0
2175.1083925729445 enqueing, Packet #1, out of, 1, with id, 443961390, from, Output_Res_1, to, User_1, tag, 20
2175.1083925729445 dequeuing, Packet #1, out of, 1, with id, 443961390, from, Output_Res_1, to, User_1, tag, 20
2316.042392572945 
2316.042392572945 receive incoming, Packet #1, out of, 1, with id, 889819786, from, Output_Res_5, to, User_0, tag, 22, delay, 0.0
2316.042392572945 enqueing, Packet #1, out of, 1, with id, 889819786, from, Output_Res_5, to, User_0, tag, 22
2316.042392572945 dequeuing, Packet #1, out of, 1, with id, 889819786, from, Output_Res_5, to, User_0, tag, 22
2316.274392572946 
2316.274392572946 receive incoming, Packet #1, out of, 1, with id, 1414769300, from, Output_User_0, to, Res_5, tag, 21, delay, 0.0
2316.274392572946 enqueing, Packet #1, out of, 1, with id, 1414769300, from, Output_User_0, to, Res_5, tag, 21
2316.274392572946 dequeuing, Packet #1, out of, 1, with id, 1414769300, from, Output_User_0, to, Res_5, tag, 21
2316.284392572946 
2316.284392572946 receive incoming, Packet #1, out of, 1, with id, 1632947725, from, Output_User_0, to, Res_5, tag, 22, delay, 0.0
2316.284392572946 enqueing, Packet #1, out of, 1, with id, 1632947725, from, Output_User_0, to, Res_5, tag, 22
2316.284392572946 dequeuing, Packet #1, out of, 1, with id, 1632947725, from, Output_User_0, to, Res_5, tag, 22
2320.338392572944 
2320.338392572944 receive incoming, Packet #1, out of, 1, with id, 1006144664, from, Output_Res_1, to, User_1, tag, 22, delay, 0.0
2320.338392572944 enqueing, Packet #1, out of, 1, with id, 1006144664, from, Output_Res_1, to, User_1, tag, 22
2320.338392572944 dequeuing, Packet #1, out of, 1, with id, 1006144664, from, Output_Res_1, to, User_1, tag, 22
2320.570392572945 
2320.570392572945 receive incoming, Packet #1, out of, 1, with id, 101564864, from, Output_User_1, to, Res_1, tag, 21, delay, 0.0
2320.570392572945 enqueing, Packet #1, out of, 1, with id, 101564864, from, Output_User_1, to, Res_1, tag, 21
2320.570392572945 dequeuing, Packet #1, out of, 1, with id, 101564864, from, Output_User_1, to, Res_1, tag, 21
2320.580392572945 
2320.580392572945 receive incoming, Packet #1, out of, 1, with id, 205320076, from, Output_User_1, to, Res_1, tag, 22, delay, 0.0
2320.580392572945 enqueing, Packet #1, out of, 1, with id, 205320076, from, Output_User_1, to, Res_1, tag, 22
2320.580392572945 dequeuing, Packet #1, out of, 1, with id, 205320076, from, Output_User_1, to, Res_1, tag, 22
2330.304992042441 
2330.304992042441 receive incoming, Packet #1, out of, 1, with id, 591817703, from, Output_Res_5, to, User_0, tag, 20, delay, 0.0
2330.304992042441 enqueing, Packet #1, out of, 1, with id, 591817703, from, Output_Res_5, to, User_0, tag, 20
2330.304992042441 dequeuing, Packet #1, out of, 1, with id, 591817703, from, Output_Res_5, to, User_0, tag, 20
2330.314992042441 
2330.314992042441 receive incoming, Packet #1, out of, 1, with id, 2118412083, from, Output_Res_5, to, User_0, tag, 20, delay, 0.0
2330.314992042441 enqueing, Packet #1, out of, 1, with id, 2118412083, from, Output_Res_5, to, User_0, tag, 20
2330.314992042441 dequeuing, Packet #1, out of, 1, with id, 2118412083, from, Output_Res_5, to, User_0, tag, 20
2334.57699204244 
2334.57699204244 receive incoming, Packet #1, out of, 1, with id, 2038673613, from, Output_Res_1, to, User_1, tag, 20, delay, 0.0
2334.57699204244 enqueing, Packet #1, out of, 1, with id, 2038673613, from, Output_Res_1, to, User_1, tag, 20
2334.57699204244 dequeuing, Packet #1, out of, 1, with id, 2038673613, from, Output_Res_1, to, User_1, tag, 20
2334.58699204244 
2334.58699204244 receive incoming, Packet #1, out of, 1, with id, 1741637074, from, Output_Res_1, to, User_1, tag, 20, delay, 0.0
2334.58699204244 enqueing, Packet #1, out of, 1, with id, 1741637074, from, Output_Res_1, to, User_1, tag, 20
2334.58699204244 dequeuing, Packet #1, out of, 1, with id, 1741637074, from, Output_Res_1, to, User_1, tag, 20
2476.824992042441 
2476.824992042441 receive incoming, Packet #1, out of, 1, with id, 1964345273, from, Output_Res_5, to, User_0, tag, 22, delay, 0.0
2476.824992042441 enqueing, Packet #1, out of, 1, with id, 1964345273, from, Output_Res_5, to, User_0, tag, 22
2476.824992042441 dequeuing, Packet #1, out of, 1, with id, 1964345273, from, Output_Res_5, to, User_0, tag, 22
2477.056992042442 
2477.056992042442 receive incoming, Packet #1, out of, 1, with id, 1144611398, from, Output_User_0, to, Res_5, tag, 21, delay, 0.0
2477.056992042442 enqueing, Packet #1, out of, 1, with id, 1144611398, from, Output_User_0, to, Res_5, tag, 21
2477.056992042442 dequeuing, Packet #1, out of, 1, with id, 1144611398, from, Output_User_0, to, Res_5, tag, 21
2477.066992042442 
2477.066992042442 receive incoming, Packet #1, out of, 1, with id, 78841471, from, Output_User_0, to, Res_5, tag, 22, delay, 0.0
2477.066992042442 enqueing, Packet #1, out of, 1, with id, 78841471, from, Output_User_0, to, Res_5, tag, 22
2477.066992042442 dequeuing, Packet #1, out of, 1, with id, 78841471, from, Output_User_0, to, Res_5, tag, 22
2480.77699204244 
2480.77699204244 receive incoming, Packet #1, out of, 1, with id, 253255399, from, Output_Res_1, to, User_1, tag, 22, delay, 0.0
2480.77699204244 enqueing, Packet #1, out of, 1, with id, 253255399, from, Output_Res_1, to, User_1, tag, 22
2480.77699204244 dequeuing, Packet #1, out of, 1, with id, 253255399, from, Output_Res_1, to, User_1, tag, 22
2481.0089920424407 
2481.0089920424407 receive incoming, Packet #1, out of, 1, with id, 1810267693, from, Output_User_1, to, Res_1, tag, 21, delay, 0.0
2481.0089920424407 enqueing, Packet #1, out of, 1, with id, 1810267693, from, Output_User_1, to, Res_1, tag, 21
2481.0089920424407 dequeuing, Packet #1, out of, 1, with id, 1810267693, from, Output_User_1, to, Res_1, tag, 21
2481.018992042441 
2481.018992042441 receive incoming, Packet #1, out of, 1, with id, 1038881250, from, Output_User_1, to, Res_1, tag, 22, delay, 0.0
2481.018992042441 enqueing, Packet #1, out of, 1, with id, 1038881250, from, Output_User_1, to, Res_1, tag, 22
2481.018992042441 dequeuing, Packet #1, out of, 1, with id, 1038881250, from, Output_User_1, to, Res_1, tag, 22
2491.087591511937 
2491.087591511937 receive incoming, Packet #1, out of, 1, with id, 250592799, from, Output_Res_5, to, User_0, tag, 20, delay, 0.0
2491.087591511937 enqueing, Packet #1, out of, 1, with id, 250592799, from, Output_Res_5, to, User_0, tag, 20
2491.087591511937 dequeuing, Packet #1, out of, 1, with id, 250592799, from, Output_Res_5, to, User_0, tag, 20
2491.097591511937 
2491.097591511937 receive incoming, Packet #1, out of, 1, with id, 558519294, from, Output_Res_5, to, User_0, tag, 20, delay, 0.0
2491.097591511937 enqueing, Packet #1, out of, 1, with id, 558519294, from, Output_Res_5, to, User_0, tag, 20
2491.097591511937 dequeuing, Packet #1, out of, 1, with id, 558519294, from, Output_Res_5, to, User_0, tag, 20
2495.015591511936 
2495.015591511936 receive incoming, Packet #1, out of, 1, with id, 1408661093, from, Output_Res_1, to, User_1, tag, 20, delay, 0.0
2495.015591511936 enqueing, Packet #1, out of, 1, with id, 1408661093, from, Output_Res_1, to, User_1, tag, 20
2495.015591511936 dequeuing, Packet #1, out of, 1, with id, 1408661093, from, Output_Res_1, to, User_1, tag, 20
2495.025591511936 
2495.025591511936 receive incoming, Packet #1, out of, 1, with id, 450619025, from, Output_Res_1, to, User_1, tag, 20, delay, 0.0
2495.025591511936 enqueing, Packet #1, out of, 1, with id, 450619025, from, Output_Res_1, to, User_1, tag, 20
2495.025591511936 dequeuing, Packet #1, out of, 1, with id, 450619025, from, Output_Res_1, to, User_1, tag, 20
2636.655591511937 
2636.655591511937 receive incoming, Packet #1, out of, 1, with id, 426713718, from, Output_Res_5, to, User_0, tag, 22, delay, 0.0
2636.655591511937 enqueing, Packet #1, out of, 1, with id, 426713718, from, Output_Res_5, to, User_0, tag, 22
2636.655591511937 dequeuing, Packet #1, out of, 1, with id, 426713718, from, Output_Res_5, to, User_0, tag, 22
2636.887591511938 
2636.887591511938 receive incoming, Packet #1, out of, 1, with id, 581024293, from, Output_User_0, to, Res_5, tag, 21, delay, 0.0
2636.887591511938 enqueing, Packet #1, out of, 1, with id, 581024293, from, Output_User_0, to, Res_5, tag, 21
2636.887591511938 dequeuing, Packet #1, out of, 1, with id, 581024293, from, Output_User_0, to, Res_5, tag, 21
2636.897591511938 
2636.897591511938 receive incoming, Packet #1, out of, 1, with id, 1422120862, from, Output_User_0, to, Res_5, tag, 22, delay, 0.0
2636.897591511938 enqueing, Packet #1, out of, 1, with id, 1422120862, from, Output_User_0, to, Res_5, tag, 22
2636.897591511938 dequeuing, Packet #1, out of, 1, with id, 1422120862, from, Output_User_0, to, Res_5, tag, 22
2640.6395915119356 
2640.6395915119356 receive incoming, Packet #1, out of, 1, with id, 1399974925, from, Output_Res_1, to, User_1, tag, 22, delay, 0.0
2640.6395915119356 enqueing, Packet #1, out of, 1, with id, 1399974925, from, Output_Res_1, to, User_1, tag, 22
2640.6395915119356 dequeuing, Packet #1, out of, 1, with id, 1399974925, from, Output_Res_1, to, User_1, tag, 22
2640.8715915119365 
2640.8715915119365 receive incoming, Packet #1, out of, 1, with id, 875220932, from, Output_User_1, to, Res_1, tag, 21, delay, 0.0
2640.8715915119365 enqueing, Packet #1, out of, 1, with id, 875220932, from, Output_User_1, to, Res_1, tag, 21
2640.8715915119365 dequeuing, Packet #1, out of, 1, with id, 875220932, from, Output_User_1, to, Res_1, tag, 21
2640.8815915119367 
2640.8815915119367 receive incoming, Packet #1, out of, 1, with id, 356600024, from, Output_User_1, to, Res_1, tag, 22, delay, 0.0
2640.8815915119367 enqueing, Packet #1, out of, 1, with id, 356600024, from, Output_User_1, to, Res_1, tag, 22
2640.8815915119367 dequeuing, Packet #1, out of, 1, with id, 356600024, from, Output_User_1, to, Res_1, tag, 22
2650.918190981433 
2650.918190981433 receive incoming, Packet #1, out of, 1, with id, 297213265, from, Output_Res_5, to, User_0, tag, 20, delay, 0.0
2650.918190981433 enqueing, Packet #1, out of, 1, with id, 297213265, from, Output_Res_5, to, User_0, tag, 20
2650.918190981433 dequeuing, Packet #1, out of, 1, with id, 297213265, from, Output_Res_5, to, User_0, tag, 20
2650.928190981433 
2650.928190981433 receive incoming, Packet #1, out of, 1, with id, 1365802492, from, Output_Res_5, to, User_0, tag, 20, delay, 0.0
2650.928190981433 enqueing, Packet #1, out of, 1, with id, 1365802492, from, Output_Res_5, to, User_0, tag, 20
2650.928190981433 dequeuing, Packet #1, out of, 1, with id, 1365802492, from, Output_Res_5, to, User_0, tag, 20
2654.8781909814315 
2654.8781909814315 receive incoming, Packet #1, out of, 1, with id, 1563891695, from, Output_Res_1, to, User_1, tag, 20, delay, 0.0
2654.8781909814315 enqueing, Packet #1, out of, 1, with id, 1563891695, from, Output_Res_1, to, User_1, tag, 20
2654.8781909814315 dequeuing, Packet #1, out of, 1, with id, 1563891695, from, Output_Res_1, to, User_1, tag, 20
2654.8881909814318 
2654.8881909814318 receive incoming, Packet #1, out of, 1, with id, 1746276040, from, Output_Res_1, to, User_1, tag, 20, delay, 0.0
2654.8881909814318 enqueing, Packet #1, out of, 1, with id, 1746276040, from, Output_Res_1, to, User_1, tag, 20
2654.8881909814318 dequeuing, Packet #1, out of, 1, with id, 1746276040, from, Output_Res_1, to, User_1, tag, 20
2796.934190981433 
2796.934190981433 receive incoming, Packet #1, out of, 1, with id, 1250617393, from, Output_Res_5, to, User_0, tag, 22, delay, 0.0
2796.934190981433 enqueing, Packet #1, out of, 1, with id, 1250617393, from, Output_Res_5, to, User_0, tag, 22
2796.934190981433 dequeuing, Packet #1, out of, 1, with id, 1250617393, from, Output_Res_5, to, User_0, tag, 22
2797.166190981434 
2797.166190981434 receive incoming, Packet #1, out of, 1, with id, 309925504, from, Output_User_0, to, Res_5, tag, 21, delay, 0.0
2797.166190981434 enqueing, Packet #1, out of, 1, with id, 309925504, from, Output_User_0, to, Res_5, tag, 21
2797.166190981434 dequeuing, Packet #1, out of, 1, with id, 309925504, from, Output_User_0, to, Res_5, tag, 21
2797.176190981434 
2797.176190981434 receive incoming, Packet #1, out of, 1, with id, 1726477170, from, Output_User_0, to, Res_5, tag, 22, delay, 0.0
2797.176190981434 enqueing, Packet #1, out of, 1, with id, 1726477170, from, Output_User_0, to, Res_5, tag, 22
2797.176190981434 dequeuing, Packet #1, out of, 1, with id, 1726477170, from, Output_User_0, to, Res_5, tag, 22
2800.8701909814317 
2800.8701909814317 receive incoming, Packet #1, out of, 1, with id, 1560683083, from, Output_Res_1, to, User_1, tag, 22, delay, 0.0
2800.8701909814317 enqueing, Packet #1, out of, 1, with id, 1560683083, from, Output_Res_1, to, User_1, tag, 22
2800.8701909814317 dequeuing, Packet #1, out of, 1, with id, 1560683083, from, Output_Res_1, to, User_1, tag, 22
2801.1021909814326 
2801.1021909814326 receive incoming, Packet #1, out of, 1, with id, 2002605328, from, Output_User_1, to, Res_1, tag, 21, delay, 0.0
2801.1021909814326 enqueing, Packet #1, out of, 1, with id, 2002605328, from, Output_User_1, to, Res_1, tag, 21
2801.1021909814326 dequeuing, Packet #1, out of, 1, with id, 2002605328, from, Output_User_1, to, Res_1, tag, 21
2801.112190981433 
2801.112190981433 receive incoming, Packet #1, out of, 1, with id, 1591605684, from, Output_User_1, to, Res_1, tag, 22, delay, 0.0
2801.112190981433 enqueing, Packet #1, out of, 1, with id, 1591605684, from, Output_User_1, to, Res_1, tag, 22
2801.112190981433 dequeuing, Packet #1, out of, 1, with id, 1591605684, from, Output_User_1, to, Res_1, tag, 22
2811.196790450929 
2811.196790450929 receive incoming, Packet #1, out of, 1, with id, 231766085, from, Output_Res_5, to, User_0, tag, 20, delay, 0.0
2811.196790450929 enqueing, Packet #1, out of, 1, with id, 231766085, from, Output_Res_5, to, User_0, tag, 20
2811.196790450929 dequeuing, Packet #1, out of, 1, with id, 231766085, from, Output_Res_5, to, User_0, tag, 20
2811.206790450929 
2811.206790450929 receive incoming, Packet #1, out of, 1, with id, 52671407, from, Output_Res_5, to, User_0, tag, 20, delay, 0.0
2811.206790450929 enqueing, Packet #1, out of, 1, with id, 52671407, from, Output_Res_5, to, User_0, tag, 20
2811.206790450929 dequeuing, Packet #1, out of, 1, with id, 52671407, from, Output_Res_5, to, User_0, tag, 20
2815.1327904509276 
2815.1327904509276 receive incoming, Packet #1, out of, 1, with id, 1925181106, from, Output_Res_1, to, User_1, tag, 20, delay, 0.0
2815.1327904509276 enqueing, Packet #1, out of, 1, with id, 1925181106, from, Output_Res_1, to, User_1, tag, 20
2815.1327904509276 dequeuing, Packet #1, out of, 1, with id, 1925181106, from, Output_Res_1, to, User_1, tag, 20
2815.142790450928 
2815.142790450928 receive incoming, Packet #1, out of, 1, with id, 1921670629, from, Output_Res_1, to, User_1, tag, 20, delay, 0.0
2815.142790450928 enqueing, Packet #1, out of, 1, with id, 1921670629, from, Output_Res_1, to, User_1, tag, 20
2815.142790450928 dequeuing, Packet #1, out of, 1, with id, 1921670629, from, Output_Res_1, to, User_1, tag, 20
2956.764790450929 
2956.764790450929 receive incoming, Packet #1, out of, 1, with id, 565933792, from, Output_Res_5, to, User_0, tag, 22, delay, 0.0
2956.764790450929 enqueing, Packet #1, out of, 1, with id, 565933792, from, Output_Res_5, to, User_0, tag, 22
2956.764790450929 dequeuing, Packet #1, out of, 1, with id, 565933792, from, Output_Res_5, to, User_0, tag, 22
2956.99679045093 
2956.99679045093 receive incoming, Packet #1, out of, 1, with id, 949468430, from, Output_User_0, to, Res_5, tag, 21, delay, 0.0
2956.99679045093 enqueing, Packet #1, out of, 1, with id, 949468430, from, Output_User_0, to, Res_5, tag, 21
2956.99679045093 dequeuing, Packet #1, out of, 1, with id, 949468430, from, Output_User_0, to, Res_5, tag, 21
2957.00679045093 
2957.00679045093 receive incoming, Packet #1, out of, 1, with id, 653190347, from, Output_User_0, to, Res_5, tag, 22, delay, 0.0
2957.00679045093 enqueing, Packet #1, out of, 1, with id, 653190347, from, Output_User_0, to, Res_5, tag, 22
2957.00679045093 dequeuing, Packet #1, out of, 1, with id, 653190347, from, Output_User_0, to, Res_5, tag, 22
2971.027389920425 
2971.027389920425 receive incoming, Packet #1, out of, 1, with id, 1601485843, from, Output_Res_5, to, User_0, tag, 20, delay, 0.0
2971.027389920425 enqueing, Packet #1, out of, 1, with id, 1601485843, from, Output_Res_5, to, User_0, tag, 20
2971.027389920425 dequeuing, Packet #1, out of, 1, with id, 1601485843, from, Output_Res_5, to, User_0, tag, 20
2971.037389920425 
2971.037389920425 receive incoming, Packet #1, out of, 1, with id, 143541143, from, Output_Res_5, to, User_0, tag, 20, delay, 0.0
2971.037389920425 enqueing, Packet #1, out of, 1, with id, 143541143, from, Output_Res_5, to, User_0, tag, 20
2971.037389920425 dequeuing, Packet #1, out of, 1, with id, 143541143, from, Output_Res_5, to, User_0, tag, 20
2972.9967904509276 
2972.9967904509276 receive incoming, Packet #1, out of, 1, with id, 1559984560, from, Output_Res_1, to, User_1, tag, 22, delay, 0.0
2972.9967904509276 enqueing, Packet #1, out of, 1, with id, 1559984560, from, Output_Res_1, to, User_1, tag, 22
2972.9967904509276 dequeuing, Packet #1, out of, 1, with id, 1559984560, from, Output_Res_1, to, User_1, tag, 22
2973.2287904509285 
2973.2287904509285 receive incoming, Packet #1, out of, 1, with id, 1787128748, from, Output_User_1, to, Res_1, tag, 21, delay, 0.0
2973.2287904509285 enqueing, Packet #1, out of, 1, with id, 1787128748, from, Output_User_1, to, Res_1, tag, 21
2973.2287904509285 dequeuing, Packet #1, out of, 1, with id, 1787128748, from, Output_User_1, to, Res_1, tag, 21
2973.2387904509287 
2973.2387904509287 receive incoming, Packet #1, out of, 1, with id, 1195178550, from, Output_User_1, to, Res_1, tag, 22, delay, 0.0
2973.2387904509287 enqueing, Packet #1, out of, 1, with id, 1195178550, from, Output_User_1, to, Res_1, tag, 22
2973.2387904509287 dequeuing, Packet #1, out of, 1, with id, 1195178550, from, Output_User_1, to, Res_1, tag, 22
2987.2593899204235 
2987.2593899204235 receive incoming, Packet #1, out of, 1, with id, 20864145, from, Output_Res_1, to, User_1, tag, 20, delay, 0.0
2987.2593899204235 enqueing, Packet #1, out of, 1, with id, 20864145, from, Output_Res_1, to, User_1, tag, 20
2987.2593899204235 dequeuing, Packet #1, out of, 1, with id, 20864145, from, Output_Res_1, to, User_1, tag, 20
2987.2693899204237 
2987.2693899204237 receive incoming, Packet #1, out of, 1, with id, 1721117342, from, Output_Res_1, to, User_1, tag, 20, delay, 0.0
2987.2693899204237 enqueing, Packet #1, out of, 1, with id, 1721117342, from, Output_Res_1, to, User_1, tag, 20
2987.2693899204237 dequeuing, Packet #1, out of, 1, with id, 1721117342, from, Output_Res_1, to, User_1, tag, 20
3117.043389920425 
3117.043389920425 receive incoming, Packet #1, out of, 1, with id, 869287370, from, Output_Res_5, to, User_0, tag, 22, delay, 0.0
3117.043389920425 enqueing, Packet #1, out of, 1, with id, 869287370, from, Output_Res_5, to, User_0, tag, 22
3117.043389920425 dequeuing, Packet #1, out of, 1, with id, 869287370, from, Output_Res_5, to, User_0, tag, 22
3131.305989389921 
3131.305989389921 receive incoming, Packet #1, out of, 1, with id, 1826020497, from, Output_Res_5, to, User_0, tag, 20, delay, 0.0
3131.305989389921 enqueing, Packet #1, out of, 1, with id, 1826020497, from, Output_Res_5, to, User_0, tag, 20
3131.305989389921 dequeuing, Packet #1, out of, 1, with id, 1826020497, from, Output_Res_5, to, User_0, tag, 20
3131.315989389921 
3131.315989389921 receive incoming, Packet #1, out of, 1, with id, 67576595, from, Output_Res_5, to, User_0, tag, 20, delay, 0.0
3131.315989389921 enqueing, Packet #1, out of, 1, with id, 67576595, from, Output_Res_5, to, User_0, tag, 20
3131.315989389921 dequeuing, Packet #1, out of, 1, with id, 67576595, from, Output_Res_5, to, User_0, tag, 20
3132.9873899204235 
3132.9873899204235 receive incoming, Packet #1, out of, 1, with id, 1605157561, from, Output_Res_1, to, User_1, tag, 22, delay, 0.0
3132.9873899204235 enqueing, Packet #1, out of, 1, with id, 1605157561, from, Output_Res_1, to, User_1, tag, 22
3132.9873899204235 dequeuing, Packet #1, out of, 1, with id, 1605157561, from, Output_Res_1, to, User_1, tag, 22
3147.2499893899194 
3147.2499893899194 receive incoming, Packet #1, out of, 1, with id, 664714458, from, Output_Res_1, to, User_1, tag, 20, delay, 0.0
3147.2499893899194 enqueing, Packet #1, out of, 1, with id, 664714458, from, Output_Res_1, to, User_1, tag, 20
3147.2499893899194 dequeuing, Packet #1, out of, 1, with id, 664714458, from, Output_Res_1, to, User_1, tag, 20
3147.2599893899196 
3147.2599893899196 receive incoming, Packet #1, out of, 1, with id, 1143962897, from, Output_Res_1, to, User_1, tag, 20, delay, 0.0
3147.2599893899196 enqueing, Packet #1, out of, 1, with id, 1143962897, from, Output_Res_1, to, User_1, tag, 20
3147.2599893899196 dequeuing, Packet #1, out of, 1, with id, 1143962897, from, Output_Res_1, to, User_1, tag, 20
3211.3459893899217 
3211.3459893899217 receive incoming, Ping information for User_0
Entity Name	Entry Time	Exit Time	 Bandwidth
----------------------------------------------------------
User_0		3211.326        3211.326        1000.000
router1		3211.336        3211.336        10000.000
router2		3211.346            N/A        1000.000

Round Trip Time : 0.020 seconds
Number of Hops  : 1
Bottleneck Bandwidth : 1000.0 bits/s, delay, 0.0
3211.3459893899217 enqueing, Ping information for User_0
Entity Name	Entry Time	Exit Time	 Bandwidth
----------------------------------------------------------
User_0		3211.326        3211.326        1000.000
router1		3211.336        3211.336        10000.000
router2		3211.346            N/A        1000.000

Round Trip Time : 0.020 seconds
Number of Hops  : 1
Bottleneck Bandwidth : 1000.0 bits/s
3211.3459893899217 dequeuing, Ping information for User_0
Entity Name	Entry Time	Exit Time	 Bandwidth
----------------------------------------------------------
User_0		3211.326        3211.326        1000.000
router1		3211.336        3211.336        10000.000
router2		3211.346        3211.346        1000.000

Round Trip Time : 0.020 seconds
Number of Hops  : 1
Bottleneck Bandwidth : 1000.0 bits/s
3211.365989389922 
3211.365989389922 receive incoming, Ping information for User_0
Entity Name	Entry Time	Exit Time	 Bandwidth
----------------------------------------------------------
User_0		3211.326        3211.326        1000.000
router1		3211.336        3211.336        10000.000
router2		3211.346        3211.346        1000.000
Res_5		3211.356        3211.356        1000.000
router2		3211.366            N/A        10000.000

Round Trip Time : 0.040 seconds
Number of Hops  : 2
Bottleneck Bandwidth : 1000.0 bits/s, delay, 0.0
3211.365989389922 enqueing, Ping information for User_0
Entity Name	Entry Time	Exit Time	 Bandwidth
----------------------------------------------------------
User_0		3211.326        3211.326        1000.000
router1		3211.336        3211.336        10000.000
router2		3211.346        3211.346        1000.000
Res_5		3211.356        3211.356        1000.000
router2		3211.366            N/A        10000.000

Round Trip Time : 0.040 seconds
Number of Hops  : 2
Bottleneck Bandwidth : 1000.0 bits/s
3211.365989389922 dequeuing, Ping information for User_0
Entity Name	Entry Time	Exit Time	 Bandwidth
----------------------------------------------------------
User_0		3211.326        3211.326        1000.000
router1		3211.336        3211.336        10000.000
router2		3211.346        3211.346        1000.000
Res_5		3211.356        3211.356        1000.000
router2		3211.366        3211.366        10000.000

Round Trip Time : 0.040 seconds
Number of Hops  : 2
Bottleneck Bandwidth : 1000.0 bits/s
3227.2899893899203 
3227.2899893899203 receive incoming, Ping information for User_1
Entity Name	Entry Time	Exit Time	 Bandwidth
----------------------------------------------------------
User_1		3227.270        3227.270        1000.000
router1		3227.280        3227.280        10000.000
router2		3227.290            N/A        1000.000

Round Trip Time : 0.020 seconds
Number of Hops  : 1
Bottleneck Bandwidth : 1000.0 bits/s, delay, 0.0
3227.2899893899203 enqueing, Ping information for User_1
Entity Name	Entry Time	Exit Time	 Bandwidth
----------------------------------------------------------
User_1		3227.270        3227.270        1000.000
router1		3227.280        3227.280        10000.000
router2		3227.290            N/A        1000.000

Round Trip Time : 0.020 seconds
Number of Hops  : 1
Bottleneck Bandwidth : 1000.0 bits/s
3227.2899893899203 dequeuing, Ping information for User_1
Entity Name	Entry Time	Exit Time	 Bandwidth
----------------------------------------------------------
User_1		3227.270        3227.270        1000.000
router1		3227.280        3227.280        10000.000
router2		3227.290        3227.290        1000.000

Round Trip Time : 0.020 seconds
Number of Hops  : 1
Bottleneck Bandwidth : 1000.0 bits/s
3227.3099893899207 
3227.3099893899207 receive incoming, Ping information for User_1
Entity Name	Entry Time	Exit Time	 Bandwidth
----------------------------------------------------------
User_1		3227.270        3227.270        1000.000
router1		3227.280        3227.280        10000.000
router2		3227.290        3227.290        1000.000
Res_1		3227.300        3227.300        1000.000
router2		3227.310            N/A        10000.000

Round Trip Time : 0.040 seconds
Number of Hops  : 2
Bottleneck Bandwidth : 1000.0 bits/s, delay, 0.0
3227.3099893899207 enqueing, Ping information for User_1
Entity Name	Entry Time	Exit Time	 Bandwidth
----------------------------------------------------------
User_1		3227.270        3227.270        1000.000
router1		3227.280        3227.280        10000.000
router2		3227.290        3227.290        1000.000
Res_1		3227.300        3227.300        1000.000
router2		3227.310            N/A        10000.000

Round Trip Time : 0.040 seconds
Number of Hops  : 2
Bottleneck Bandwidth : 1000.0 bits/s
3227.3099893899207 dequeuing, Ping information for User_1
Entity Name	Entry Time	Exit Time	 Bandwidth
----------------------------------------------------------
User_1		3227.270        3227.270        1000.000
router1		3227.280        3227.280        10000.000
router2		3227.290        3227.290        1000.000
Res_1		3227.300        3227.300        1000.000
router2		3227.310        3227.310        10000.000

Round Trip Time : 0.040 seconds
Number of Hops  : 2
Bottleneck Bandwidth : 1000.0 bits/s
3227.329989389921 receives, END_OF_SIMULATION, signal, from, GridInformationService
